{"accessibilityPrompt":true,"alwaysOnTop":false,"appCopyright":"Copyright © 2024 Aidan Yip","appVersion":"1.0.0","arch":"x64","asar":false,"blockExternalUrls":false,"bounce":false,"buildDate":1718089624583,"buildVersion":"9.8.0","clearCache":false,"counter":false,"darwinDarkModeSupport":false,"disableContextMenu":false,"disableDevTools":false,"disableGpu":false,"disableOldBuildWarning":false,"electronVersionUsed":"25.7.0","enableEs3Apis":false,"fastQuit":false,"fullScreen":false,"height":800,"hideWindowFrame":false,"ignoreCertificate":false,"ignoreGpuBlacklist":false,"insecure":false,"isUpgrade":false,"maximize":false,"name":"Perilous Quest","nativefierVersion":"52.0.0","portable":false,"quiet":false,"showMenuBar":false,"singleInstance":false,"strictInternalUrls":false,"targetUrl":"https://perilous-quest.netlify.app/","tray":"false","userAgentHonest":false,"width":1280,"widevine":false,"win32metadata":{"ProductName":"Perilous Quest","InternalName":"Perilous Quest","FileDescription":"Perilous Quest"},"zoom":1,"oldBuildWarningText":""}